{
    "faces":[41,60,61,80,81,0,1,2,3,0,1,1,0,41,62,60,81,82,4,0,3,5,2,0,0,2,41,63,62,82,83,6,4,5,7,3,2,2,3,41,64,63,83,84,8,6,7,9,4,3,3,4,41,65,64,84,85,10,8,9,11,5,4,4,5,41,66,65,85,86,12,10,11,13,6,5,5,6,41,67,66,86,87,14,12,13,15,7,6,6,7,41,68,67,87,88,16,14,15,17,8,7,7,8,41,69,68,88,89,18,16,17,19,9,8,8,9,41,70,69,89,90,20,18,19,21,10,9,9,10,41,71,70,90,91,22,20,21,23,11,10,10,11,41,72,71,91,92,24,22,23,25,12,11,11,12,41,73,72,92,93,26,24,25,27,13,12,12,13,41,74,73,93,94,28,26,27,29,14,13,13,14,41,75,74,94,95,30,28,29,31,15,14,14,15,41,76,75,95,96,32,30,31,33,16,15,15,16,41,77,76,96,97,34,32,33,35,17,16,16,17,41,78,77,97,98,36,34,35,37,18,17,17,18,41,79,78,98,99,38,36,37,39,19,18,18,19,41,61,79,99,80,40,38,39,41,1,19,19,1,41,21,20,100,101,3,2,42,43,20,21,21,20,41,22,21,101,102,5,3,43,44,22,20,20,22,41,23,22,102,103,7,5,44,45,23,22,22,23,41,24,23,103,104,9,7,45,46,24,23,23,24,41,25,24,104,105,11,9,46,47,25,24,24,25,41,26,25,105,106,13,11,47,48,26,25,25,26,41,27,26,106,107,15,13,48,49,27,26,26,27,41,28,27,107,108,17,15,49,50,28,27,27,28,41,29,28,108,109,19,17,50,51,29,28,28,29,41,30,29,109,110,21,19,51,52,30,29,29,30,41,31,30,110,111,23,21,52,53,31,30,30,31,41,32,31,111,112,25,23,53,54,32,31,31,32,41,33,32,112,113,27,25,54,55,33,32,32,33,41,34,33,113,114,29,27,55,56,34,33,33,34,41,35,34,114,115,31,29,56,57,35,34,34,35,41,36,35,115,116,33,31,57,58,36,35,35,36,41,37,36,116,117,35,33,58,59,37,36,36,37,41,38,37,117,118,37,35,59,60,38,37,37,38,41,39,38,118,119,39,37,60,61,39,38,38,39,41,20,39,119,100,41,39,61,62,21,39,39,21,41,0,1,41,40,63,64,43,42,40,41,41,40,41,42,41,1,2,44,43,64,65,42,41,41,42,41,43,42,2,3,45,44,65,66,43,42,42,43,41,44,43,3,4,46,45,66,67,44,43,43,44,41,45,44,4,5,47,46,67,68,45,44,44,45,41,46,45,5,6,48,47,68,69,46,45,45,46,41,47,46,6,7,49,48,69,70,47,46,46,47,41,48,47,7,8,50,49,70,71,48,47,47,48,41,49,48,8,9,51,50,71,72,49,48,48,49,41,50,49,9,10,52,51,72,73,50,49,49,50,41,51,50,10,11,53,52,73,74,51,50,50,51,41,52,51,11,12,54,53,74,75,52,51,51,52,41,53,52,12,13,55,54,75,76,53,52,52,53,41,54,53,13,14,56,55,76,77,54,53,53,54,41,55,54,14,15,57,56,77,78,55,54,54,55,41,56,55,15,16,58,57,78,79,56,55,55,56,41,57,56,16,17,59,58,79,80,57,56,56,57,41,58,57,17,18,60,59,80,81,58,57,57,58,41,59,58,18,19,61,60,81,82,59,58,58,59,41,19,0,40,59,82,83,62,61,59,40,40,59],
    "normals":[-0.029603,0.999329,0.021516,-0.034822,0.999329,0.011292,-0.021516,0.999329,0.029603,-0.011292,0.999329,0.034822,0,0.999329,0.036592,0.011292,0.999329,0.034822,0.021516,0.999329,0.029603,0.029603,0.999329,0.021516,0.034822,0.999329,0.011292,0.036592,0.999329,0,0.034822,0.999329,-0.011292,0.029603,0.999329,-0.021516,0.021516,0.999329,-0.029603,0.011292,0.999329,-0.034822,0,0.999329,-0.036592,-0.011292,0.999329,-0.034822,-0.021516,0.999329,-0.029603,-0.029603,0.999329,-0.021516,-0.034822,0.999329,-0.011292,-0.036592,0.999329,0,0.047212,0.998291,-0.034303,0.055483,0.998291,-0.018036,0.034303,0.998291,-0.047212,0.018036,0.998291,-0.055483,0,0.998291,-0.058351,-0.018036,0.998291,-0.055483,-0.034303,0.998291,-0.047212,-0.047212,0.998291,-0.034303,-0.055483,0.998291,-0.018036,-0.058351,0.998291,0,-0.055483,0.998291,0.018036,-0.047212,0.998291,0.034303,-0.034303,0.998291,0.047212,-0.018036,0.998291,0.055483,0,0.998291,0.058351,0.018036,0.998291,0.055483,0.034303,0.998291,0.047212,0.047212,0.998291,0.034303,0.055483,0.998291,0.018036,0.058351,0.998291,0,-0.005982,-0.999969,0.001923,-0.005097,-0.999969,0.003693,-0.003693,-0.999969,0.005097,-0.001923,-0.999969,0.005982,0,-0.999969,0.006287,0.001923,-0.999969,0.005982,0.003693,-0.999969,0.005097,0.005097,-0.999969,0.003693,0.005982,-0.999969,0.001923,0.006287,-0.999969,0,0.005982,-0.999969,-0.001923,0.005097,-0.999969,-0.003693,0.003693,-0.999969,-0.005097,0.001923,-0.999969,-0.005982,0,-0.999969,-0.006287,-0.001923,-0.999969,-0.005982,-0.003693,-0.999969,-0.005097,-0.005097,-0.999969,-0.003693,-0.005982,-0.999969,-0.001923,-0.006287,-0.999969,0],
    "metadata":{
        "type":"Geometry",
        "version":3,
        "generator":"io_three",
        "faces":60,
        "normals":60,
        "uvs":1,
        "vertices":120
    },
    "uvs":[[0.05,1,0,1,0,0.666667,0.05,0.666667,0.1,1,0.1,0.666667,0.15,1,0.15,0.666667,0.2,1,0.2,0.666667,0.25,1,0.25,0.666667,0.3,1,0.3,0.666667,0.35,1,0.35,0.666667,0.4,1,0.4,0.666667,0.45,1,0.45,0.666667,0.5,1,0.5,0.666667,0.55,1,0.55,0.666667,0.6,1,0.6,0.666667,0.65,1,0.65,0.666667,0.7,1,0.7,0.666667,0.75,1,0.75,0.666667,0.8,1,0.8,0.666667,0.85,1,0.85,0.666667,0.9,1,0.9,0.666667,0.95,1,0.95,0.666667,1,1,1,0.666667,0,0.333333,0.05,0.333333,0.1,0.333333,0.15,0.333333,0.2,0.333333,0.25,0.333333,0.3,0.333333,0.35,0.333333,0.4,0.333333,0.45,0.333333,0.5,0.333333,0.55,0.333333,0.6,0.333333,0.65,0.333333,0.7,0.333333,0.75,0.333333,0.8,0.333333,0.85,0.333333,0.9,0.333333,0.95,0.333333,1,0.333333,0,-0,0.05,-0,0.1,-0,0.15,-0,0.2,-0,0.25,-0,0.3,-0,0.35,-0,0.4,-0,0.45,-0,0.5,-0,0.55,-0,0.6,-0,0.65,-0,0.7,-0,0.75,-0,0.8,-0,0.85,-0,0.9,-0,0.95,-0,1,-0]],
    "vertices":[3.87022,0,-0.134552,3.80429,0,-0.263953,3.7016,0,-0.366646,3.57219,0,-0.432579,3.42875,0,-0.455298,3.28531,0,-0.432579,3.15591,0,-0.366646,3.05322,0,-0.263953,2.98728,0,-0.134552,2.96457,-0,0.008889,2.98728,-0,0.152331,3.05322,-0,0.281732,3.15591,-0,0.384425,3.28531,-0,0.450358,3.42875,-0,0.473077,3.57219,-0,0.450358,3.7016,-0,0.384425,3.80429,-0,0.281732,3.87022,-0,0.152331,3.89294,-0,0.008889,3.99563,0.004832,-0.1753,3.91097,0.004832,-0.341459,3.7791,0.004832,-0.473324,3.61294,0.004832,-0.557986,3.42875,0.004832,-0.587159,3.24456,0.004832,-0.557986,3.07841,0.004832,-0.473323,2.94654,0.004832,-0.341459,2.86188,0.004832,-0.1753,2.8327,0.004832,0.008889,2.86188,0.004832,0.193078,2.94654,0.004832,0.359237,3.07841,0.004832,0.491102,3.24456,0.004832,0.575765,3.42875,0.004832,0.604938,3.61294,0.004832,0.575765,3.7791,0.004832,0.491102,3.91097,0.004832,0.359237,3.99563,0.004832,0.193078,4.0248,0.004832,0.008889,4.09889,-0.001517,-0.208853,3.99881,-0.001517,-0.40528,3.84292,-0.001517,-0.561166,3.6465,-0.001517,-0.661251,3.42875,-0.001517,-0.695737,3.21101,-0.001517,-0.661251,3.01458,-0.001517,-0.561166,2.8587,-0.001517,-0.40528,2.75861,-0.001517,-0.208852,2.72413,-0.001517,0.008889,2.75861,-0.001517,0.226631,2.8587,-0.001517,0.423059,3.01458,-0.001517,0.578944,3.21101,-0.001517,0.67903,3.42875,-0.001517,0.713515,3.64649,-0.001517,0.679029,3.84292,-0.001517,0.578944,3.99881,-0.001517,0.423059,4.09889,-0.001517,0.226631,4.13338,-0.001517,0.008889,3.80429,0,-0.263953,3.87022,0,-0.134552,3.7016,0,-0.366646,3.57219,0,-0.432579,3.42875,0,-0.455298,3.28531,0,-0.432579,3.15591,0,-0.366646,3.05322,0,-0.263953,2.98728,0,-0.134552,2.96457,-0,0.008889,2.98728,-0,0.152331,3.05322,-0,0.281732,3.15591,-0,0.384425,3.28531,-0,0.450358,3.42875,-0,0.473077,3.57219,-0,0.450358,3.7016,-0,0.384425,3.80429,-0,0.281732,3.87022,-0,0.152331,3.89294,-0,0.008889,3.99563,0.004832,-0.1753,3.91097,0.004832,-0.341459,3.7791,0.004832,-0.473324,3.61294,0.004832,-0.557986,3.42875,0.004832,-0.587159,3.24456,0.004832,-0.557986,3.07841,0.004832,-0.473323,2.94654,0.004832,-0.341459,2.86188,0.004832,-0.1753,2.8327,0.004832,0.008889,2.86188,0.004832,0.193078,2.94654,0.004832,0.359237,3.07841,0.004832,0.491102,3.24456,0.004832,0.575765,3.42875,0.004832,0.604938,3.61294,0.004832,0.575765,3.7791,0.004832,0.491102,3.91097,0.004832,0.359237,3.99563,0.004832,0.193078,4.0248,0.004832,0.008889,4.09889,-0.001517,-0.208853,3.99881,-0.001517,-0.40528,3.84292,-0.001517,-0.561166,3.6465,-0.001517,-0.661251,3.42875,-0.001517,-0.695737,3.21101,-0.001517,-0.661251,3.01458,-0.001517,-0.561166,2.8587,-0.001517,-0.40528,2.75861,-0.001517,-0.208852,2.72413,-0.001517,0.008889,2.75861,-0.001517,0.226631,2.8587,-0.001517,0.423059,3.01458,-0.001517,0.578944,3.21101,-0.001517,0.67903,3.42875,-0.001517,0.713515,3.64649,-0.001517,0.679029,3.84292,-0.001517,0.578944,3.99881,-0.001517,0.423059,4.09889,-0.001517,0.226631,4.13338,-0.001517,0.008889]
}